{
    "name": "Seeed Wio Link",
    "map": {
        "digital": {
            "pins": {
                            "gp1":  1,  "gp2":  2,  "gp3":  3,  "gp4":  4,
                "gp5":  5,
                                        "gp12": 12, "gp13": 13, "gp14": 14,
                "gp15": 15
            },
            "ops": [ "dr", "dw" ]
        },
        "analog": {
            "pins": {
                "adc0": 17
            },
            "ops": [ "ar" ],
            "arRange": [ 0, 1023 ]
        },
        "pwm": {
            "pins": [
                "gp1", "gp2", "gp3", "gp4", "gp5", "gp12", "gp13", "gp14", "gp15"
            ],
            "ops": [ "aw" ],
            "awRange": [ 0, 255 ]
        },
        "virtual":  {
            "pinsRange": [ 0, 31 ],
            "ops": [ "vr", "vw" ]
        }
    }
}
