{
    "name": "SparkFun ESP8266 Thing",
    "map": {
        "digital": {
            "pins": {
                "gp0":   0,             "gp2":   2,             "gp4":  4,
                "gp5":   5,             "gp7":   7, "gp8":   8,
                                        "gp12": 12, "gp13": 13, "gp14": 14,
                            "gp16": 16
            },
            "ops": [ "dr", "dw" ]
        },
        "analog": {
            "pins": {
                "adc0": 17
            },
            "ops": [ "ar" ],
            "arRange": [ 0, 1023 ]
        },
        "pwm": {
            "pins": [
                "gp0", "gp2", "gp4", "gp5", "gp7", "gp8", "gp12", "gp13", "gp14"
            ],
            "ops": [ "aw" ],
            "awRange": [ 0, 255 ]
        },
        "virtual":  {
            "pinsRange": [ 0, 31 ],
            "ops": [ "vr", "vw" ]
        }
    }
}
