{
    "name": "TI CC3200-LaunchXL",
    "map": {
        "digital": {
            "pins": {
                            "P01":  9, "P02": 10, "P03":  4, "P04":  3,
                "P05":  7,  "P06": 14, "P07": 15, "P08": 18,

                "P15": 11,  "P16": 32, "P17": 31, "P18": 19,
                            "P21": 13,

                "P45": 17,  "P46": 45, "P47": 46, "P48": 47, "P49": 48,
                "P50": 30,             "P52": 51, "P53": 28,
                "P55": 12,  "P56": 55, "P57": 23, "P58":  2, "P59":  6,
                "P60": 24,  "P61":  5, "P62":  8, "P63": 27, "P64": 29
            },
            "ops": [ "dr", "dw" ]
        },
        "analog": {
            "pins": {
                "P57": 23, "P58": 2, "P59": 6, "P60": 24
            },
            "ops": [ "dr", "dw", "ar" ],
            "arRange": [ 0, 4095 ]
        },
        "pwm": {
            "pins": [
                "P01",  "P02", "P21", "P64", "P17"
            ],
            "ops": [ "aw" ],
            "awRange": [ 0, 255 ]
        },
        "virtual":  {
            "pinsRange": [ 0, 31 ],
            "ops": [ "vr", "vw" ]
        }
    }
}
