{
    "name": "TI Tiva C Connected",
    "map": {
        "digital": {
            "pins": {
                "D1": 81, "D2": 82, "D3": 83, "D4": 84, "SW1": 85, "SW2": 86,
                
                                        "PE_4":  2, "PC_4":  3, "PC_5":  4,
                "PC_6":  5, "PE_5":  6, "PD_3":  7, "PC_7":  8, "PB_2":  9,
                "PB_3": 10, "PP_2": 11, "PN_3": 12, "PN_2": 13, "PD_0": 14,
                "PD_1": 15,             "PH_3": 17, "PH_2": 18, "PM_3": 19,
                                                    "PE_0": 23, "PE_1": 24,
                "PE_2": 25, "PE_3": 26, "PD_7": 27, "PA_6": 28, "PM_4": 29,
                "PM_5": 30, "PL_3": 31, "PL_2": 32, "PL_1": 33, "PL_0": 34,
                "PL_5": 35, "PL_4": 36, "PG_0": 37, "PF_3": 38, "PF_2": 39,
                "PF_1": 40,             "PD_2": 42, "PP_0": 43, "PP_1": 44,
                "PD_4": 45, "PD_5": 46, "PQ_0": 47, "PP_4": 48, "PN_5": 49,
                "PN_4": 50, "PM_6": 51, "PQ_1": 52, "PP_3": 53, "PQ_3": 54,
                "PQ_2": 55,             "PA_7": 57, "PP_5": 58, "PM_7": 59,
                                                    "PB_4": 63, "PB_5": 64,
                "PK_0": 65, "PK_1": 66, "PK_2": 67, "PK_3": 68, "PA_4": 69,
                "PA_5": 70, "PK_7": 71, "PK_6": 72, "PH_1": 73, "PH_0": 74,
                "PM_2": 75, "PM_1": 76, "PM_0": 77, "PK_5": 78, "PK_4": 79,
                "PG_1": 80, "PN_1": 81, "PN_0": 82, "PF_4": 83, "PF_0": 84,
                "PJ_0": 85, "PJ_1": 86, "PD_6": 87, "PA_0": 88, "PA_1": 89,
                "PA_2": 90, "PA_3": 91, "PL_6": 92, "PL_7": 93, "PB_0": 94,
                "PB_1": 95
            },
            "ops": [ "dr", "dw" ]
        },
        "analog": {
            "pins": {
                "PE_3": 26, "PE_2": 25, "PE_1": 24, "PE_0": 23, "PD_7": 27,
                "PD_6": 87, "PD_5": 46, "PD_4": 45, "PE_5":  6, "PE_4":  2,
                "PB_4": 63, "PB_5": 64, "PD_3":  7, "PD_2": 42, "PD_1": 15,
                "PD_0": 14, "PK_0": 65, "PK_1": 66, "PK_2": 67, "PK_3": 68
            },
            "ops": [ "dr", "dw", "ar" ],
            "arRange": [ 0, 4095 ]
        },
        "pwm": {
            "pins": [
                "PD_3", "PB_2", "PB_3", "PD_0", "PD_1", "PM_3", "PD_7",
                "PA_6", "PM_4", "PM_5", "PL_5", "PL_4", "PD_2", "PD_4",
                "PD_5", "PM_6", "PA_7", "PM_7", "PA_4", "PA_5", "PM_2",
                "PM_1", "PM_0", "PD_6", "PA_0", "PA_1", "PA_2", "PA_3",
                "PL_6", "PL_7", "PB_0", "PB_1"
            ],
            "ops": [ "aw" ],
            "awRange": [ 0, 255 ]
        },
        "virtual":  {
            "pinsRange": [ 0, 31 ],
            "ops": [ "vr", "vw" ]
        }
    }
}
