{
    "name": "WiPy",
    "map": {
        "digital": {
            "pins": {
                "HB": 25,
                "0":  0,   "1":   1,   "2":   2,  "3":   3,   "4":   4,
                "5":  5,   "6":   6,   "7":   7,  "8":   8,   "9":   9,
                "10": 10,  "11": 11,  "12":  12, "13":  13,  "14":  14,
                "15": 15,  "16": 16,  "17":  17,
                                      "22":  22, "23":  23,  "24":  24,
                "25": 25,                        "28":  28,
                "30": 30,  "31": 31
            },
            "ops": [ "dr", "dw" ]
        },
        "analog": {
            "pins": {
                "2":  2, "3":  3, "4":  4, "5":  5
            },
            "ops": [ "dr", "dw", "ar" ],
            "arRange": [ 0, 4095 ]
        },
        "pwm": {
            "pins": [
                "HB", "9", "10", "11", "24", "25"
            ],
            "ops": [ "aw" ],
            "awRange": [ 0, 100 ]
        },
        "virtual":  {
            "pinsRange": [ 0, 31 ],
            "ops": [ "vr", "vw" ]
        }
    }
}
